,appid,icon_url,logo_url,minutes_played,names
0,10,http://media.steampowered.com/steamcommunity/public/images/apps/10/6b0312cda02f5f777efa2f3318c307ff9acafbb5.jpg,http://media.steampowered.com/steamcommunity/public/images/apps/10/af890f848dd606ac2fd4415de3c3f5e7a66fcb9f.jpg,0,Counter-Strike
1,20,http://media.steampowered.com/steamcommunity/public/images/apps/20/38ea7ebe3c1abbbbf4eabdbef174c41a972102b9.jpg,http://media.steampowered.com/steamcommunity/public/images/apps/20/515bc393c861d91b9165f0697040c015f50bcb5e.jpg,0,Team Fortress Classic
2,30,http://media.steampowered.com/steamcommunity/public/images/apps/30/aadc0ce51ff6ba2042d633f8ec033b0de62091d0.jpg,http://media.steampowered.com/steamcommunity/public/images/apps/30/beff21c4d29d2579e794c930bae599cd0c8a8f17.jpg,0,Day of Defeat
3,40,http://media.steampowered.com/steamcommunity/public/images/apps/40/c525f76c8bc7353db4fd74b128c4ae2028426c2a.jpg,http://media.steampowered.com/steamcommunity/public/images/apps/40/4bb69695ef9d0ae73e73488fb6456aa4ea1215fa.jpg,0,Deathmatch Classic
4,50,http://media.steampowered.com/steamcommunity/public/images/apps/50/04e81206c10e12416908c72c5f22aad411b3aeef.jpg,http://media.steampowered.com/steamcommunity/public/images/apps/50/bb696ddfd8f8ef0892d5f2154d8617528d3cc2ec.jpg,0,Half-Life: Opposing Force
5,60,http://media.steampowered.com/steamcommunity/public/images/apps/60/98c69e04cd59b838e05cb6980c12c05874c6419e.jpg,http://media.steampowered.com/steamcommunity/public/images/apps/60/f7a039402735c2dea82cbd412340873535e2be4c.jpg,0,Ricochet
6,70,http://media.steampowered.com/steamcommunity/public/images/apps/70/95be6d131fc61f145797317ca437c9765f24b41c.jpg,http://media.steampowered.com/steamcommunity/public/images/apps/70/6bd76ff700a8c7a5460fbae3cf60cb930279897d.jpg,0,Half-Life
7,130,http://media.steampowered.com/steamcommunity/public/images/apps/130/b06fdee488b3220362c11704be4edad82abeed08.jpg,http://media.steampowered.com/steamcommunity/public/images/apps/130/927d38e83e3e4ca218a0fc7b32515eeb99aa8ff7.jpg,159,Half-Life: Blue Shift
8,220,http://media.steampowered.com/steamcommunity/public/images/apps/220/fcfb366051782b8ebf2aa297f3b746395858cb62.jpg,http://media.steampowered.com/steamcommunity/public/images/apps/220/e4ad9cf1b7dc8475c1118625daf9abd4bdcbcad0.jpg,0,Half-Life 2
9,240,http://media.steampowered.com/steamcommunity/public/images/apps/240/9052fa60c496a1c03383b27687ec50f4bf0f0e10.jpg,http://media.steampowered.com/steamcommunity/public/images/apps/240/ee97d0dbf3e5d5d59e69dc20b98ed9dc8cad5283.jpg,0,Counter-Strike: Source
10,280,http://media.steampowered.com/steamcommunity/public/images/apps/280/b4f572a6cc5a6a84ae84634c31414b9123d2f26b.jpg,http://media.steampowered.com/steamcommunity/public/images/apps/280/a612dd944b768e55389140298dcfda2165db8ced.jpg,0,Half-Life: Source
11,320,http://media.steampowered.com/steamcommunity/public/images/apps/320/795e85364189511f4990861b578084deef086cb1.jpg,http://media.steampowered.com/steamcommunity/public/images/apps/320/6dd9f66771300f2252d411e50739a1ceae9e5b30.jpg,0,Half-Life 2: Deathmatch
12,340,http://media.steampowered.com/steamcommunity/public/images/apps/340/795e85364189511f4990861b578084deef086cb1.jpg,http://media.steampowered.com/steamcommunity/public/images/apps/340/867cce5c4f37d5ed4aeffb57c60e220ddffe4134.jpg,0,Half-Life 2: Lost Coast
13,360,http://media.steampowered.com/steamcommunity/public/images/apps/360/40b8a62efff5a9ab356e5c56f5c8b0532c8e1aa3.jpg,http://media.steampowered.com/steamcommunity/public/images/apps/360/9a5b7119d4e8977fffcd370d3c24036be7cee904.jpg,0,Half-Life Deathmatch: Source
14,380,http://media.steampowered.com/steamcommunity/public/images/apps/380/795e85364189511f4990861b578084deef086cb1.jpg,http://media.steampowered.com/steamcommunity/public/images/apps/380/b5a666a961d8b39896887abbed3b78c2b837c238.jpg,0,Half-Life 2: Episode One
15,3830,http://media.steampowered.com/steamcommunity/public/images/apps/3830/460b6471db7d83ee6943c1a87f7a9f2898634952.jpg,http://media.steampowered.com/steamcommunity/public/images/apps/3830/b361ab26b2c47d4abd11be0ebd3d6b675512ec1b.jpg,0,Psychonauts
16,4560,http://media.steampowered.com/steamcommunity/public/images/apps/4560/64946619217da497c9b29bc817bb40dd7d28c912.jpg,http://media.steampowered.com/steamcommunity/public/images/apps/4560/e12e8695c6766b47a089351dd9c4531e669c2a7b.jpg,0,Company of Heroes
17,228200,http://media.steampowered.com/steamcommunity/public/images/apps/228200/df92dc239acb3cf5d3e3eba645f3df2aaf7f91ad.jpg,http://media.steampowered.com/steamcommunity/public/images/apps/228200/87aa009e93d5aa56a55d0e9056708d018ddd6483.jpg,0,Company of Heroes (New Steam Version)
18,400,http://media.steampowered.com/steamcommunity/public/images/apps/400/cfa928ab4119dd137e50d728e8fe703e4e970aff.jpg,http://media.steampowered.com/steamcommunity/public/images/apps/400/4184d4c0d915bd3a45210667f7b25361352acd8f.jpg,0,Portal
19,420,http://media.steampowered.com/steamcommunity/public/images/apps/420/795e85364189511f4990861b578084deef086cb1.jpg,http://media.steampowered.com/steamcommunity/public/images/apps/420/553e6a2e7a469dcbaada729baa1f5fd7764668df.jpg,0,Half-Life 2: Episode Two
20,7940,http://media.steampowered.com/steamcommunity/public/images/apps/7940/b40c43b0b14b7e124553e0220581a1b9ef8e38bf.jpg,http://media.steampowered.com/steamcommunity/public/images/apps/7940/a4bd2ef1a993631ca1290a79bd0dd090349ff3e2.jpg,307,Call of Duty 4: Modern Warfare
21,13210,http://media.steampowered.com/steamcommunity/public/images/apps/13210/de312a41b8a0b8fd6e1f0490ab0b44416c53cc61.jpg,http://media.steampowered.com/steamcommunity/public/images/apps/13210/ba0a5c14642ab3337bf09d1d3df5e076a771ee32.jpg,544,Unreal Tournament 3: Black Edition
22,15170,http://media.steampowered.com/steamcommunity/public/images/apps/15170/487af5c9a91b6a0ac4615954a41d9209d69368f2.jpg,http://media.steampowered.com/steamcommunity/public/images/apps/15170/7392e2e925bceb525fce7bc5543ec597d7fa403f.jpg,272,Heroes of Might & Magic V
23,12750,http://media.steampowered.com/steamcommunity/public/images/apps/12750/c9367af908a9527040b41f6323aee4507bcba722.jpg,http://media.steampowered.com/steamcommunity/public/images/apps/12750/4d703d465e6e83f272ff07b3b9636fe52f2e9a19.jpg,342,GRID
24,19900,http://media.steampowered.com/steamcommunity/public/images/apps/19900/c73f0c967f77518128c6f2a3f0c4069ff49b1441.jpg,http://media.steampowered.com/steamcommunity/public/images/apps/19900/3fa04cb86e9512e8ff4f520860db163e86243dd8.jpg,142,Far Cry 2
25,22000,http://media.steampowered.com/steamcommunity/public/images/apps/22000/fce27346192c28e854b7381f160bd19ae645f62f.jpg,http://media.steampowered.com/steamcommunity/public/images/apps/22000/d2a60cb23c6743862af40267817099b08602ee92.jpg,375,World of Goo
26,22300,http://media.steampowered.com/steamcommunity/public/images/apps/22300/21d7090bdea8f6685ca730850b7b55acfdb92732.jpg,http://media.steampowered.com/steamcommunity/public/images/apps/22300/ddccc41c513694e7a5542aa115e9e091d6495420.jpg,26,Fallout 3
27,10090,http://media.steampowered.com/steamcommunity/public/images/apps/10090/2bfb85222af4a01842baa5c3a16a080eb27ac6c3.jpg,http://media.steampowered.com/steamcommunity/public/images/apps/10090/281c6232bf39e96f2592e241dafe02ef54499df5.jpg,455,Call of Duty: World at War
28,18500,http://media.steampowered.com/steamcommunity/public/images/apps/18500/57c5924a97a1c43971acc05590952eddec21c313.jpg,http://media.steampowered.com/steamcommunity/public/images/apps/18500/4c49c7d19bf3cec0aa453d4d94a0c079e5114a1b.jpg,631,Defense Grid: The Awakening
29,12210,http://media.steampowered.com/steamcommunity/public/images/apps/12210/a3cf6a64c73f991898a9e34681d0db8226eaa191.jpg,http://media.steampowered.com/steamcommunity/public/images/apps/12210/47fb2a3e0763be24e49662591d6e076c58b2178d.jpg,280,Grand Theft Auto IV
30,19980,http://media.steampowered.com/steamcommunity/public/images/apps/19980/2b404bd60fb97a9c1eabb9d4a573909c014a23fd.jpg,http://media.steampowered.com/steamcommunity/public/images/apps/19980/3730e623f4a2d411ff3cb1ed63a10f9be42a4a22.jpg,0,Prince of Persia
31,17470,http://media.steampowered.com/steamcommunity/public/images/apps/17470/45e682594687a6c92037631225340d26c783362f.jpg,http://media.steampowered.com/steamcommunity/public/images/apps/17470/01400b8d7847c309e5d47d7ceb3f885f47247501.jpg,456,Dead Space
32,17410,http://media.steampowered.com/steamcommunity/public/images/apps/17410/cfea4731163004b2e5117c3b42a798c48c483d8f.jpg,http://media.steampowered.com/steamcommunity/public/images/apps/17410/8c5a900802fabf20a7922c6a69cec9320c940514.jpg,26,Mirror's Edge
33,26800,http://media.steampowered.com/steamcommunity/public/images/apps/26800/1468d086e684d6a3067bd4bdc63f699fc0aede3d.jpg,http://media.steampowered.com/steamcommunity/public/images/apps/26800/dc76bb847fbb82ca81e122927541398d41638ac8.jpg,399,Braid
34,3590,http://media.steampowered.com/steamcommunity/public/images/apps/3590/d2a9c24de11210560f579e7fd9303960c5060155.jpg,http://media.steampowered.com/steamcommunity/public/images/apps/3590/85bfe66e921d89b034a3a253fb648f1a930e034a.jpg,2604,Plants vs. Zombies: Game of the Year
35,9860,http://media.steampowered.com/steamcommunity/public/images/apps/9860/2ca035939debd6c45a28e3e77b72a01631032335.jpg,http://media.steampowered.com/steamcommunity/public/images/apps/9860/3c30d80b091ec5c129bd88b248b607f8ea0d751e.jpg,611,The Chronicles of Riddick: Assault on Dark Athena
36,21660,http://media.steampowered.com/steamcommunity/public/images/apps/21660/65ccecc7dcaeab32bf728f79434d938fde5b2ade.jpg,http://media.steampowered.com/steamcommunity/public/images/apps/21660/6620b31699a355290d82dc18c9c73319ff0e2ac5.jpg,330,Street Fighter IV
37,35700,http://media.steampowered.com/steamcommunity/public/images/apps/35700/298185d8ef9d688fe96a5fa15ee8174892f1c000.jpg,http://media.steampowered.com/steamcommunity/public/images/apps/35700/b4cc556db2d1101effb23e576aaeeb3b799157c6.jpg,445,Trine
38,32360,http://media.steampowered.com/steamcommunity/public/images/apps/32360/d0c7dfee42d8ce36806e34f078e74ce82d21314d.jpg,http://media.steampowered.com/steamcommunity/public/images/apps/32360/def80542d013e251b343bd5047e640672448063d.jpg,120,The Secret of Monkey Island: Special Edition
39,35010,http://media.steampowered.com/steamcommunity/public/images/apps/35010/e52f91ecb0d3f20263e96fe188de1bcc8c91643e.jpg,http://media.steampowered.com/steamcommunity/public/images/apps/35010/172e0928b845c18491f1a8fee0dafe7a146ac129.jpg,858,Batman: Arkham Asylum
40,35140,http://media.steampowered.com/steamcommunity/public/images/apps/35140/e52f91ecb0d3f20263e96fe188de1bcc8c91643e.jpg,http://media.steampowered.com/steamcommunity/public/images/apps/35140/172e0928b845c18491f1a8fee0dafe7a146ac129.jpg,0,Batman: Arkham Asylum GOTY Edition
41,9880,http://media.steampowered.com/steamcommunity/public/images/apps/9880/512961767155fad55b1c83e2337cd3b30048fbdf.jpg,http://media.steampowered.com/steamcommunity/public/images/apps/9880/40b9cf7787a299177381ea053b8afc4348b627dd.jpg,4793,Champions Online
42,21690,http://media.steampowered.com/steamcommunity/public/images/apps/21690/26108f5caff3638c9f522dd79ee84a12761f373a.jpg,http://media.steampowered.com/steamcommunity/public/images/apps/21690/e277ab70fff98bb2300a39bf8e2371a746fe50b1.jpg,740,Resident Evil 5 / Biohazard 5
43,550,http://media.steampowered.com/steamcommunity/public/images/apps/550/7d5a243f9500d2f8467312822f8af2a2928777ed.jpg,http://media.steampowered.com/steamcommunity/public/images/apps/550/205863cc21e751a576d6fff851984b3170684142.jpg,1556,Left 4 Dead 2
44,223530,http://media.steampowered.com/steamcommunity/public/images/apps/223530/.jpg,http://media.steampowered.com/steamcommunity/public/images/apps/223530/.jpg,0,Left 4 Dead 2 Beta
45,24980,http://media.steampowered.com/steamcommunity/public/images/apps/24980/e6f3b9b0762fd4d42a732abfc41887f6c5903a52.jpg,http://media.steampowered.com/steamcommunity/public/images/apps/24980/d446fe6d77c9f434cd7fd871400b978fc01fb4e7.jpg,1416,Mass Effect 2
46,8850,http://media.steampowered.com/steamcommunity/public/images/apps/8850/f5eda925c0e57373aaea4cae17b6f175115a8d54.jpg,http://media.steampowered.com/steamcommunity/public/images/apps/8850/fde6fa1b15e4eb409c9d592197024571fded77e7.jpg,608,BioShock 2
47,409720,http://media.steampowered.com/steamcommunity/public/images/apps/409720/97527a02b36f8ac4aba21005c2d953cc908a08e1.jpg,http://media.steampowered.com/steamcommunity/public/images/apps/409720/34c3f591cf4cb28711d7f33f73dee0f09cdb94a4.jpg,0,BioShock 2 Remastered
48,48700,http://media.steampowered.com/steamcommunity/public/images/apps/48700/0773e90a6991a5427df4ee516687d832d92b050e.jpg,http://media.steampowered.com/steamcommunity/public/images/apps/48700/09b24ebdad4b8c24851ad1714e49e47a40ed25d2.jpg,434,Mount & Blade: Warband
49,8190,http://media.steampowered.com/steamcommunity/public/images/apps/8190/73582e392a2b9413fe93b011665a5b9cf26ff175.jpg,http://media.steampowered.com/steamcommunity/public/images/apps/8190/26c2c027f835e968d78b212b4cc6438f692b027a.jpg,635,Just Cause 2
50,40930,http://media.steampowered.com/steamcommunity/public/images/apps/40930/c7377320ac3e61720c7a0961fa3baade0e88946d.jpg,http://media.steampowered.com/steamcommunity/public/images/apps/40930/029b2f7bfcf12cdcd9ac3077607e081a42ad2ba1.jpg,48,The Misadventures of P.B. Winterbottom
51,45730,http://media.steampowered.com/steamcommunity/public/images/apps/45730/cbafe5c68da96001cbe5fb93ea50160a24490358.jpg,http://media.steampowered.com/steamcommunity/public/images/apps/45730/f79de42d0842e64f4e5165d4e7f74462c4e71f9f.jpg,53,Dark Void Zero
52,57300,http://media.steampowered.com/steamcommunity/public/images/apps/57300/2c08de657a8b273eeb55bb5bf674605ca023e381.jpg,http://media.steampowered.com/steamcommunity/public/images/apps/57300/75b8a82acfb05abda97977ac4eb5af20e0dcf01e.jpg,305,Amnesia: The Dark Descent
53,8930,http://media.steampowered.com/steamcommunity/public/images/apps/8930/fbe80c4743e226f0bf65559c91b12953d4446808.jpg,http://media.steampowered.com/steamcommunity/public/images/apps/8930/2203f62bd1bdc75c286c13534e50f22e3bd5bb58.jpg,2530,Sid Meier's Civilization V
54,70100,http://media.steampowered.com/steamcommunity/public/images/apps/70100/0c42ee6398ef505f69d73ca70982bf457eaa0040.jpg,http://media.steampowered.com/steamcommunity/public/images/apps/70100/392e68b94ae35c388cfc914cdc2c1cc3e762625d.jpg,308,Hacker Evolution
55,8980,http://media.steampowered.com/steamcommunity/public/images/apps/8980/eb45fb32b7f4e75564a30a52aa3c35a191253ea0.jpg,http://media.steampowered.com/steamcommunity/public/images/apps/8980/88ec298ff1ff0d748df39e084892aed6e919b146.jpg,404,Borderlands
56,22380,http://media.steampowered.com/steamcommunity/public/images/apps/22380/1711fd8c46d739feec76bd4a64eaeeca5b87e3a7.jpg,http://media.steampowered.com/steamcommunity/public/images/apps/22380/1a52975c043227184162627285e4bc0c83216e02.jpg,1505,Fallout: New Vegas
57,47810,http://media.steampowered.com/steamcommunity/public/images/apps/47810/e5e0b9629b314f7338f493d26227eb2bd1172e77.jpg,http://media.steampowered.com/steamcommunity/public/images/apps/47810/aca1a363cb76d4c74d4c891407ca06693a963699.jpg,182,Dragon Age: Origins - Ultimate Edition
58,40800,http://media.steampowered.com/steamcommunity/public/images/apps/40800/64eec20c9375e7473b964f0d0bc41d19f03add3b.jpg,http://media.steampowered.com/steamcommunity/public/images/apps/40800/70f084857297d5fdd96d019db3a990d6d9ec64f1.jpg,293,Super Meat Boy
59,63500,http://media.steampowered.com/steamcommunity/public/images/apps/63500/77301d7df269837401e0ab7e82af9e4250be4a43.jpg,http://media.steampowered.com/steamcommunity/public/images/apps/63500/0e5a29f1eed738fbcba95b773a596e50bba6c768.jpg,188,Swords and Soldiers HD
60,47780,http://media.steampowered.com/steamcommunity/public/images/apps/47780/6393351676edc4fdc65937a599780818fd2f18b7.jpg,http://media.steampowered.com/steamcommunity/public/images/apps/47780/38cb9890ddd639a066bf480e3f098e1b92af2376.jpg,764,Dead Space 2
61,99810,http://media.steampowered.com/steamcommunity/public/images/apps/99810/6f7d51f89ea4998bd4f2aa3e96d418d3868766cd.jpg,http://media.steampowered.com/steamcommunity/public/images/apps/99810/ec0e6043049ae7263b52b917de96aae88f3fb137.jpg,403,Bulletstorm
62,620,http://media.steampowered.com/steamcommunity/public/images/apps/620/2e478fc6874d06ae5baf0d147f6f21203291aa02.jpg,http://media.steampowered.com/steamcommunity/public/images/apps/620/d2a1119ddc202fab81d9b87048f495cbd6377502.jpg,1059,Portal 2
63,92800,http://media.steampowered.com/steamcommunity/public/images/apps/92800/29b26fc0eb22ebbeeeed1e4658dcbc6b837279c7.jpg,http://media.steampowered.com/steamcommunity/public/images/apps/92800/5ffbf030cd3e3af293e0509df7be6f9b2a159ca8.jpg,1129,SpaceChem
64,55040,http://media.steampowered.com/steamcommunity/public/images/apps/55040/1def7881c31f5d65c3892056adefa418e127523e.jpg,http://media.steampowered.com/steamcommunity/public/images/apps/55040/5ef89e7f7a049c5f5fa4ade0cb712937f9bdb6eb.jpg,73,Atom Zombie Smasher 
65,91600,http://media.steampowered.com/steamcommunity/public/images/apps/91600/fb131c31ed4dc33421dac1f805aaef337b03567c.jpg,http://media.steampowered.com/steamcommunity/public/images/apps/91600/d63198590c7bab5a332327a54f8ed0a00ac4b0d3.jpg,26,Sanctum
66,34270,http://media.steampowered.com/steamcommunity/public/images/apps/34270/48a187fa87c58b798646a430d446dd36eeabd1a4.jpg,http://media.steampowered.com/steamcommunity/public/images/apps/34270/212f55b3ea1a8c70427890896e93a37b49f57187.jpg,123,SEGA Mega Drive & Genesis Classics
67,91200,http://media.steampowered.com/steamcommunity/public/images/apps/91200/8b8010ddbc76c7a445648f89162f453ea7e1e101.jpg,http://media.steampowered.com/steamcommunity/public/images/apps/91200/9b71353b7e93eb3c82ca5f35d4d7241c8f545a07.jpg,60,Anomaly Warzone Earth
68,72200,http://media.steampowered.com/steamcommunity/public/images/apps/72200/7ccd8ffa244e23fa3aeb058207ab4a50777a1c69.jpg,http://media.steampowered.com/steamcommunity/public/images/apps/72200/e18118df8174e2e0538be9fc2e9f8fac9e8e5d8c.jpg,11,Universe Sandbox
69,28050,http://media.steampowered.com/steamcommunity/public/images/apps/28050/6c7ccd62c124ae63820e06ed9b24d4559c5b0b1f.jpg,http://media.steampowered.com/steamcommunity/public/images/apps/28050/93705ac83aa363ce6ead3f6aad7fa4292d3cd80f.jpg,1712,Deus Ex: Human Revolution
70,105600,http://media.steampowered.com/steamcommunity/public/images/apps/105600/858961e95fbf869f136e1770d586e0caefd4cfac.jpg,http://media.steampowered.com/steamcommunity/public/images/apps/105600/783399da7d865b7b5b1560891b1e9463345e8fa9.jpg,68,Terraria
71,20920,http://media.steampowered.com/steamcommunity/public/images/apps/20920/62dd5c627664df1bcabc47727c7dcd7ccab353e9.jpg,http://media.steampowered.com/steamcommunity/public/images/apps/20920/f0274a91931ed39f7c69dca9f907ceae6450785c.jpg,1352,The Witcher 2: Assassins of Kings Enhanced Edition
72,105400,http://media.steampowered.com/steamcommunity/public/images/apps/105400/ec1f1fb5ebcc0fb7387db2af07031591d0ae3984.jpg,http://media.steampowered.com/steamcommunity/public/images/apps/105400/ae2896b85cbbfe9aba9b8aa0f57b4faa28262519.jpg,148,Fable III
73,44320,http://media.steampowered.com/steamcommunity/public/images/apps/44320/c75648fec8ff9f218e3b1b5dcb7ac38b8b2e7bda.jpg,http://media.steampowered.com/steamcommunity/public/images/apps/44320/fad5f8433cda40c9fa3b1488d75eefa42cf0a765.jpg,386,DiRT 3
74,321040,http://media.steampowered.com/steamcommunity/public/images/apps/321040/fdfb3aa153b57d6ae6cd8099cb4456b3d5b182b6.jpg,http://media.steampowered.com/steamcommunity/public/images/apps/321040/bb89ef19777c30c8551b0f4eea296d6ca33007cc.jpg,0,DiRT 3 Complete Edition
75,98200,http://media.steampowered.com/steamcommunity/public/images/apps/98200/646297e1b481ae0e57c4597452fb45ff9ce16989.jpg,http://media.steampowered.com/steamcommunity/public/images/apps/98200/3b20447980b019783a4e37893660d1ce54893699.jpg,185,Frozen Synapse
76,94200,http://media.steampowered.com/steamcommunity/public/images/apps/94200/fc71d80266e726c2ddd946fea19b386947bf679c.jpg,http://media.steampowered.com/steamcommunity/public/images/apps/94200/7a4178ca9546cef28ebb78c5889a01181c2b4e93.jpg,164,Jamestown
77,24960,http://media.steampowered.com/steamcommunity/public/images/apps/24960/3a8b5c53efd00554eb3315681754974c3edf1c41.jpg,http://media.steampowered.com/steamcommunity/public/images/apps/24960/969a07d20786b5f536122d70f2c3eedc1eca5ede.jpg,341,Battlefield: Bad Company 2
78,22230,http://media.steampowered.com/steamcommunity/public/images/apps/22230/775c7ad571b7571aec5a85235759fbc2baa12eee.jpg,http://media.steampowered.com/steamcommunity/public/images/apps/22230/4df41d2c1847cf8cba4d9603ff1e36a5a9b77fc9.jpg,41,Rock of Ages
79,48000,http://media.steampowered.com/steamcommunity/public/images/apps/48000/463f57855017564301b17050fba73804b3bd86d6.jpg,http://media.steampowered.com/steamcommunity/public/images/apps/48000/9f35c3d64649a5a03b69d6a9218b1f77caf15025.jpg,242,LIMBO
80,72850,http://media.steampowered.com/steamcommunity/public/images/apps/72850/b9aca8a189abd8d6aaf09047dbb0f57582683e1c.jpg,http://media.steampowered.com/steamcommunity/public/images/apps/72850/c5af3cde13610fca25cd17634a96d72487d21e74.jpg,9685,The Elder Scrolls V: Skyrim
81,107100,http://media.steampowered.com/steamcommunity/public/images/apps/107100/8377b4460f19465c261673f76f2656bdb3288273.jpg,http://media.steampowered.com/steamcommunity/public/images/apps/107100/d113d66ef88069d7d35a74cfaf2e2ee917f61133.jpg,516,Bastion
82,107200,http://media.steampowered.com/steamcommunity/public/images/apps/107200/5f2cbbd939589daa70d476951e08ae05df776b81.jpg,http://media.steampowered.com/steamcommunity/public/images/apps/107200/f8371e2e888d057899eb19f5bfca3da3bfd2659f.jpg,130,Space Pirates and Zombies
83,57690,http://media.steampowered.com/steamcommunity/public/images/apps/57690/8e58ca48b978439ba4986938247fdb21a645a673.jpg,http://media.steampowered.com/steamcommunity/public/images/apps/57690/9123d91a47399baf116c2949dcebcd42b1962fbe.jpg,54,Tropico 4
84,113200,http://media.steampowered.com/steamcommunity/public/images/apps/113200/383cf045ca20625db18f68ef5e95169012118b9e.jpg,http://media.steampowered.com/steamcommunity/public/images/apps/113200/d9a7ee7e07dffed1700cb8b3b9482105b88cc5b5.jpg,1420,The Binding of Isaac
85,65800,http://media.steampowered.com/steamcommunity/public/images/apps/65800/8de7e7e9af523591c34b713b0b21910058ab4169.jpg,http://media.steampowered.com/steamcommunity/public/images/apps/65800/71af270cff61ab197f9932212012134a436d9682.jpg,107,Dungeon Defenders
86,71340,http://media.steampowered.com/steamcommunity/public/images/apps/71340/efda039147f0968bc726c547ff3809f98b69964a.jpg,http://media.steampowered.com/steamcommunity/public/images/apps/71340/21ec1e24c31a50500bbddb8c8c8add451e6dcbe1.jpg,234,Sonic Generations
87,102600,http://media.steampowered.com/steamcommunity/public/images/apps/102600/0d14a70abb580146741de26bbad46d0ad81a67c7.jpg,http://media.steampowered.com/steamcommunity/public/images/apps/102600/9b79e98212c10141aac10471be1c5efa9786bad8.jpg,614,Orcs Must Die!
88,110610,http://media.steampowered.com/steamcommunity/public/images/apps/110610/809a12a4df2a1287e9715734ecc8cf5ad1c506fd.jpg,http://media.steampowered.com/steamcommunity/public/images/apps/110610/070eb9c442a066e7d5fb5a2bc5498e7eaf76e345.jpg,95,Alien Zombie Megadeath
89,201280,http://media.steampowered.com/steamcommunity/public/images/apps/201280/bd4ff9dbfd8dd78f8cdb09e8a99feebaaf9da094.jpg,http://media.steampowered.com/steamcommunity/public/images/apps/201280/e298cb7f1f24faaa200ea50cfa0f95e91c8489ab.jpg,422,Deus Ex: Human Revolution - The Missing Link
90,57400,http://media.steampowered.com/steamcommunity/public/images/apps/57400/4c208d1365ea5614326717ecfcfea1196ef48e70.jpg,http://media.steampowered.com/steamcommunity/public/images/apps/57400/5456a41d4076244a6c593cbb260c3384493a7727.jpg,1061,Batman: Arkham City™
91,200260,http://media.steampowered.com/steamcommunity/public/images/apps/200260/746ecf3ce44b2525eb7ad643e76a3b60913d2662.jpg,http://media.steampowered.com/steamcommunity/public/images/apps/200260/9b229e12fd5ce27bd101d5862c19b1a6e3d01239.jpg,0,Batman: Arkham City GOTY
92,55230,http://media.steampowered.com/steamcommunity/public/images/apps/55230/ec83645f13643999e7c91da75d418053d6b56529.jpg,http://media.steampowered.com/steamcommunity/public/images/apps/55230/1129528455a8b297fb6404cbb90e802a62881b11.jpg,787,Saints Row: The Third
93,48240,http://media.steampowered.com/steamcommunity/public/images/apps/48240/f2ea66880f8b78ef85afa7c6c256dcb41b2df845.jpg,http://media.steampowered.com/steamcommunity/public/images/apps/48240/96fa0d0f7d3a2cfbd46cfbb3ec266e4fbc9c9953.jpg,71,Anno 2070
94,200900,http://media.steampowered.com/steamcommunity/public/images/apps/200900/076431cdb43f9a04364076bf13f7010d8d2e0670.jpg,http://media.steampowered.com/steamcommunity/public/images/apps/200900/a242e0465a65ffafbf75eeb521812fb575990a33.jpg,281,Cave Story+
95,35720,http://media.steampowered.com/steamcommunity/public/images/apps/35720/061ecbbd7c70ae1c052377bad136c7759cbb708d.jpg,http://media.steampowered.com/steamcommunity/public/images/apps/35720/7d7c3b93bd85ad1db2a07f6cca01a767069c6407.jpg,683,Trine 2
96,202530,http://media.steampowered.com/steamcommunity/public/images/apps/202530/c41474017b2da75cd9cf422d045a91af55ed92a6.jpg,http://media.steampowered.com/steamcommunity/public/images/apps/202530/21b47f8223df647006671630e6f0348642681bab.jpg,51,SONIC THE HEDGEHOG 4 Episode I
97,204390,http://media.steampowered.com/steamcommunity/public/images/apps/204390/4fabaafcf260e0d72d639cc202bc00dfdac8e51b.jpg,http://media.steampowered.com/steamcommunity/public/images/apps/204390/23fa3f7b867f53a264d16cdc71c5cf9395bdc9ad.jpg,240,Pineapple Smash Crew 
98,108710,http://media.steampowered.com/steamcommunity/public/images/apps/108710/ec7953511aaaf5a2c2093b872b5b43c6cab56462.jpg,http://media.steampowered.com/steamcommunity/public/images/apps/108710/0f9b6613ac50bf42639ed6a2e16e9b78e846ef0a.jpg,641,Alan Wake
99,108500,http://media.steampowered.com/steamcommunity/public/images/apps/108500/34deae874c052b949f4766630b86a9d7d274d7b9.jpg,http://media.steampowered.com/steamcommunity/public/images/apps/108500/086f0d6b8d1e0df72a5699d50529b964bd26bc15.jpg,324,Vessel
100,207420,http://media.steampowered.com/steamcommunity/public/images/apps/207420/2a1f80d5356ee84f95c764f82c82724f17c6d83f.jpg,http://media.steampowered.com/steamcommunity/public/images/apps/207420/1c99bf48b1633ebfe1e453e97f3453f34ba5815b.jpg,14,Wizorb
101,207490,http://media.steampowered.com/steamcommunity/public/images/apps/207490/1e155c2bc13e8793aed8bb61fdac798fe0d49de7.jpg,http://media.steampowered.com/steamcommunity/public/images/apps/207490/ebfd3f8da2b0416d71724a2929740a72a6eaabf4.jpg,276,Rayman Origins
102,205730,http://media.steampowered.com/steamcommunity/public/images/apps/205730/596eaa60f6c12553548f5b9302de4f5e79452a6c.jpg,http://media.steampowered.com/steamcommunity/public/images/apps/205730/3fe93b0cd1baa06639d910cdeb1d19d2e048ca3d.jpg,280,Insanely Twisted Shadow Planet
103,207170,http://media.steampowered.com/steamcommunity/public/images/apps/207170/c10a0441101d642bc5e59d2a6c9bb14bce7daaa5.jpg,http://media.steampowered.com/steamcommunity/public/images/apps/207170/5898cd32c949e03f95a5333c2399508b1a95aa4a.jpg,2884,Legend of Grimrock
104,207610,http://media.steampowered.com/steamcommunity/public/images/apps/207610/87a13ae0a2a76488792924aa8bb0dd8a7760f931.jpg,http://media.steampowered.com/steamcommunity/public/images/apps/207610/6d756726214dd97c54966814d58508b86d5eabcf.jpg,760,The Walking Dead
105,207080,http://media.steampowered.com/steamcommunity/public/images/apps/207080/1d29a72931dc845cf9ec7a04501fe40a7ed57dd1.jpg,http://media.steampowered.com/steamcommunity/public/images/apps/207080/f2c3f3e7104ad6d8719c2698406c79efe6de41e7.jpg,97,Indie Game: The Movie
106,108800,http://media.steampowered.com/steamcommunity/public/images/apps/108800/5f401ab4b7d16ca8f778ff6b85dd25e0d3d49460.jpg,http://media.steampowered.com/steamcommunity/public/images/apps/108800/bee338e11932e97e995b6e2d84d0772f7b22f2a9.jpg,193,Crysis 2 Maximum Edition
107,204100,http://media.steampowered.com/steamcommunity/public/images/apps/204100/96af86331719b56cefc55298b4fcb99c99f1cfee.jpg,http://media.steampowered.com/steamcommunity/public/images/apps/204100/135cf60686c2bf570999b96d5c29eb31e962293a.jpg,670,Max Payne 3
108,213330,http://media.steampowered.com/steamcommunity/public/images/apps/213330/92446ccf0abc6ab3e716251c0004acda5c3b13fd.jpg,http://media.steampowered.com/steamcommunity/public/images/apps/213330/0c4b05ceb9ee10b4eb744e663c22385ccca16c07.jpg,186,LEGO Batman 2
109,40700,http://media.steampowered.com/steamcommunity/public/images/apps/40700/33e11d52f0a2335671d7bf73341c14ae6e596809.jpg,http://media.steampowered.com/steamcommunity/public/images/apps/40700/5101b896d69a6eafc32667689a7f5d8756a4ac87.jpg,20,Machinarium
110,41210,http://media.steampowered.com/steamcommunity/public/images/apps/41210/35d1e6feb7adb783b629ec24bff503cbf5c66d47.jpg,http://media.steampowered.com/steamcommunity/public/images/apps/41210/49cb5913b7fafddca5138d7db58d3c7c821a441f.jpg,196,Eufloria
111,49600,http://media.steampowered.com/steamcommunity/public/images/apps/49600/2eec97f6dc441691097d3e14f39e2550059b90ee.jpg,http://media.steampowered.com/steamcommunity/public/images/apps/49600/3e31b151706448a72eb55d88d2e99e0d0cd18ec3.jpg,0,Beat Hazard
112,63710,http://media.steampowered.com/steamcommunity/public/images/apps/63710/a208835fd59b0c549ab848303ddb1dfa142045fa.jpg,http://media.steampowered.com/steamcommunity/public/images/apps/63710/13cdddc55559cd4f47fbe970c9ad0de6bebb2f21.jpg,12,BIT.TRIP RUNNER
113,204140,http://media.steampowered.com/steamcommunity/public/images/apps/204140/dfa78eb85242530bf4817d052098c35aff2a2c09.jpg,http://media.steampowered.com/steamcommunity/public/images/apps/204140/cd1bd30c623563becb2cc92b5e62ccadb36bfd6a.jpg,107,All Zombies Must Die!
114,221180,http://media.steampowered.com/steamcommunity/public/images/apps/221180/acb7c5ca4c4b91ed8c161e695e9f2a0ac042cf4a.jpg,http://media.steampowered.com/steamcommunity/public/images/apps/221180/85c4b38c5306f85d33dbcd1b74caf9ad31613b44.jpg,0,Eufloria HD
115,211420,http://media.steampowered.com/steamcommunity/public/images/apps/211420/a24804c6c8412c8cd9d50efd06bf03fa58ff80a9.jpg,http://media.steampowered.com/steamcommunity/public/images/apps/211420/d293c8e38f56de2c7097b2c7a975caca49029a8b.jpg,8110,Dark Souls: Prepare to Die Edition
116,201790,http://media.steampowered.com/steamcommunity/public/images/apps/201790/fabd8658e8e76f7c99c56f26b69d29882756f9b4.jpg,http://media.steampowered.com/steamcommunity/public/images/apps/201790/c345d9b205f349f0e7f4e6cdf8af4d0b7d242505.jpg,306,Orcs Must Die! 2
117,50650,http://media.steampowered.com/steamcommunity/public/images/apps/50650/a2d5549090144f1bfd9e00f1b460c1ad0aa9c366.jpg,http://media.steampowered.com/steamcommunity/public/images/apps/50650/b0b8edfa57f332dc529c04b4dd2f5475227e71ac.jpg,607,Darksiders II
118,202170,http://media.steampowered.com/steamcommunity/public/images/apps/202170/3d70bfb50bc3a162685e6775c4da2d336d1ba1ea.jpg,http://media.steampowered.com/steamcommunity/public/images/apps/202170/5be5f629e44cc13b7a845deacf81c93f92678e55.jpg,841,Sleeping Dogs™
119,212680,http://media.steampowered.com/steamcommunity/public/images/apps/212680/e8770ddb95fde0804694b116dfe3479f5a65900d.jpg,http://media.steampowered.com/steamcommunity/public/images/apps/212680/975193db5ca8cc2a4c969cea8f80d93157264ec1.jpg,920,FTL: Faster Than Light
120,204360,http://media.steampowered.com/steamcommunity/public/images/apps/204360/9b7625f9b70f103397fd0416fd92abb583db8659.jpg,http://media.steampowered.com/steamcommunity/public/images/apps/204360/793216ec14c639bdaf2f0119c8cc408b8e9ad7b1.jpg,23,Castle Crashers
121,200710,http://media.steampowered.com/steamcommunity/public/images/apps/200710/40776762bb63c4eded37d1a2b4431a90aa57ea84.jpg,http://media.steampowered.com/steamcommunity/public/images/apps/200710/fd37abb86628ff54ed304f75c2fb7cf75a4f6902.jpg,480,Torchlight II
122,205190,http://media.steampowered.com/steamcommunity/public/images/apps/205190/fa63b47318b30ddd17172595b3dbd7c53a89b0d5.jpg,http://media.steampowered.com/steamcommunity/public/images/apps/205190/5e85d47e16fec552af8019b20e9783e28a9a598a.jpg,2067,Rocksmith
123,219150,http://media.steampowered.com/steamcommunity/public/images/apps/219150/d5bf432ec0975cbd26282389575858df9730364f.jpg,http://media.steampowered.com/steamcommunity/public/images/apps/219150/540a1457099f072ced7153239861e42f14febd56.jpg,271,Hotline Miami
124,205100,http://media.steampowered.com/steamcommunity/public/images/apps/205100/74f8ee1ba536e0759e64a9bf801fc013e16c8dd1.jpg,http://media.steampowered.com/steamcommunity/public/images/apps/205100/b94f5ff693304b7f70f88403d444686c4af3b940.jpg,159,Dishonored
125,200510,http://media.steampowered.com/steamcommunity/public/images/apps/200510/48be2fee1d0d511b5c7313e1359beafd36ea92ed.jpg,http://media.steampowered.com/steamcommunity/public/images/apps/200510/eaa298d2b0d908b2c4f5370d2c8c59a8eff887c6.jpg,1502,XCOM: Enemy Unknown
126,205790,http://media.steampowered.com/steamcommunity/public/images/apps/205790/.jpg,http://media.steampowered.com/steamcommunity/public/images/apps/205790/.jpg,0,Dota 2 Test
127,214560,http://media.steampowered.com/steamcommunity/public/images/apps/214560/220f33169c93c2f6381cd785399fb52bfc79309f.jpg,http://media.steampowered.com/steamcommunity/public/images/apps/214560/c20501309696e5bcda98e9e4f2649abc5720a1d1.jpg,385,Mark of the Ninja
128,218680,http://media.steampowered.com/steamcommunity/public/images/apps/218680/e933a9993b7d0b905dbb37636a97339a2c277e0f.jpg,http://media.steampowered.com/steamcommunity/public/images/apps/218680/c3f8420cd87dd772df8a35013e3538e964ecc2b8.jpg,42,Scribblenauts Unlimited
129,221810,http://media.steampowered.com/steamcommunity/public/images/apps/221810/5f4b8ad75a3da9759359149b762008cf290da6ad.jpg,http://media.steampowered.com/steamcommunity/public/images/apps/221810/acc11ba3303f4c706adccc75a1ee4fe28dc52727.jpg,140,The Cave
130,227300,http://media.steampowered.com/steamcommunity/public/images/apps/227300/adc18a4fc9adc0330144b76d61cbda68bb2394a0.jpg,http://media.steampowered.com/steamcommunity/public/images/apps/227300/719b87f11209f9f20aeb237b3c6a42992bcf7c57.jpg,120,Euro Truck Simulator 2
131,219890,http://media.steampowered.com/steamcommunity/public/images/apps/219890/1c3afe41623c51172ef1dc96427bf23bb940748b.jpg,http://media.steampowered.com/steamcommunity/public/images/apps/219890/23966982a5795854342af3522706c7f9c6a83cb5.jpg,23,Antichamber
132,109600,http://media.steampowered.com/steamcommunity/public/images/apps/109600/b65eee286148b9ab29c27847ff47cbcd158788b6.jpg,http://media.steampowered.com/steamcommunity/public/images/apps/109600/04b08c8d3865e676f8162f11c4800b5eb639d24a.jpg,136,Neverwinter
133,203160,http://media.steampowered.com/steamcommunity/public/images/apps/203160/3ee640a8aba6992678e36f4e40cba9c71c02348b.jpg,http://media.steampowered.com/steamcommunity/public/images/apps/203160/495f7d723659add6ea476b3699be5424282ac4b8.jpg,708,Tomb Raider
134,8870,http://media.steampowered.com/steamcommunity/public/images/apps/8870/4ebaf5f9ee74f50152f7ff361debef7553fa0e4e.jpg,http://media.steampowered.com/steamcommunity/public/images/apps/8870/870bb889e192cf8d31876ed04d329a5d51c6fc2c.jpg,861,BioShock Infinite
135,113020,http://media.steampowered.com/steamcommunity/public/images/apps/113020/169e693854d9f70984987fa3b6b5f1f9eb27122a.jpg,http://media.steampowered.com/steamcommunity/public/images/apps/113020/60642017342ab7f3c924ee9d13b99702a50e5d9e.jpg,249,Monaco
136,204450,http://media.steampowered.com/steamcommunity/public/images/apps/204450/d1183204f15b5d86f1f7bfcaaf358a017723c34d.jpg,http://media.steampowered.com/steamcommunity/public/images/apps/204450/643f4290bce8f5bd18d24c8c1e85d4265767b3c9.jpg,247,Call of Juarez Gunslinger
137,236090,http://media.steampowered.com/steamcommunity/public/images/apps/236090/3779535aba1ad565d504a7d52c6dd5c9eeb47fb2.jpg,http://media.steampowered.com/steamcommunity/public/images/apps/236090/544fd60b00696d8c3402828da7055fea64d619ca.jpg,51,Dust: An Elysian Tail
138,206190,http://media.steampowered.com/steamcommunity/public/images/apps/206190/19a835390a85aaa08ef41adbf23c1d56e7d5ac9a.jpg,http://media.steampowered.com/steamcommunity/public/images/apps/206190/f82deeb9e1b01b8d8247d7824a7ce2f9ca8133f7.jpg,181,Gunpoint
139,231160,http://media.steampowered.com/steamcommunity/public/images/apps/231160/4d3e99b7d885baba60ea29ee1634cc58bf22e41d.jpg,http://media.steampowered.com/steamcommunity/public/images/apps/231160/11e08b7b00d8a24a1f83dec3e7c2ca08e98be78a.jpg,331,The Swapper
140,241600,http://media.steampowered.com/steamcommunity/public/images/apps/241600/15272c0c114b2c715e1baf0cca44319deae74731.jpg,http://media.steampowered.com/steamcommunity/public/images/apps/241600/c591f688add1e008d5d92e82b9d9fa2332e20491.jpg,751,Rogue Legacy
141,242920,http://media.steampowered.com/steamcommunity/public/images/apps/242920/1c499bc7d659ddde65a1cd3f2cd7b6122211b4b1.jpg,http://media.steampowered.com/steamcommunity/public/images/apps/242920/2a62342148979d18e2b50ab8c5eebcfe6c99295c.jpg,651,Banished
142,214770,http://media.steampowered.com/steamcommunity/public/images/apps/214770/2542d8e59fa2a5ceb5b16f6fa052d6aa6cda7c69.jpg,http://media.steampowered.com/steamcommunity/public/images/apps/214770/461f1e9e34cf80edf3581d78c5d24e20501eeaf2.jpg,307,Guacamelee! Gold Edition
143,225080,http://media.steampowered.com/steamcommunity/public/images/apps/225080/9d6e8bcae597582734b382d8da93e5fa7b1c640b.jpg,http://media.steampowered.com/steamcommunity/public/images/apps/225080/12f5c3aaa2b1d69d0786e1d09e0b77e2da6f8980.jpg,179,Brothers - A Tale of Two Sons
144,234080,http://media.steampowered.com/steamcommunity/public/images/apps/234080/67b53957e72935b506c91cfc4dc0e1075471aac5.jpg,http://media.steampowered.com/steamcommunity/public/images/apps/234080/3110df525bb5be2afcf92d50b11b31b2eb0f7f23.jpg,661,Castlevania: Lords of Shadow - Ultimate Edition
145,209000,http://media.steampowered.com/steamcommunity/public/images/apps/209000/76dac70a2206de1a80da4950da43e1b05ea302a8.jpg,http://media.steampowered.com/steamcommunity/public/images/apps/209000/21a0c80630abe3a9dceddcbc224ed6b5b763c5b9.jpg,338,Batman™: Arkham Origins
146,221680,http://media.steampowered.com/steamcommunity/public/images/apps/221680/26c3d3ad45c9386e909613e5d115e73955501844.jpg,http://media.steampowered.com/steamcommunity/public/images/apps/221680/f7d201a1638d020101fade6d8d51cf09c33b3b1c.jpg,844,Rocksmith® 2014 Edition - Remastered
147,239070,http://media.steampowered.com/steamcommunity/public/images/apps/239070/323733faf2833c6e57879914ff15e05d07ace7d6.jpg,http://media.steampowered.com/steamcommunity/public/images/apps/239070/e9d676e3fffd764438d0abf602b8e275646c5530.jpg,71,Hammerwatch
148,248820,http://media.steampowered.com/steamcommunity/public/images/apps/248820/27c63bdc153de52355c8e6983baa4bc0aedc3699.jpg,http://media.steampowered.com/steamcommunity/public/images/apps/248820/62869ec060e6dfdd3ca53e23c85e30a16de9c291.jpg,97,Risk of Rain
149,239350,http://media.steampowered.com/steamcommunity/public/images/apps/239350/f11cc6800f5139e79643331be28c348cd7ccbba2.jpg,http://media.steampowered.com/steamcommunity/public/images/apps/239350/1a3ce75a075da21471d4d376681b6a8dd2c4a8bd.jpg,77,Spelunky
150,206420,http://media.steampowered.com/steamcommunity/public/images/apps/206420/b5e8448a3e2ea31ddf3595addae4e1eee2375c0d.jpg,http://media.steampowered.com/steamcommunity/public/images/apps/206420/49d796621c286130a8ddeea918d9aae8c8441455.jpg,391,Saints Row IV
151,250320,http://media.steampowered.com/steamcommunity/public/images/apps/250320/dee5f1476ddd237ed9faab86b59cb9ca9b275faa.jpg,http://media.steampowered.com/steamcommunity/public/images/apps/250320/78ca4e28c36df80deac8f3c6499ce4e0c0d5a821.jpg,477,The Wolf Among Us
152,250700,http://media.steampowered.com/steamcommunity/public/images/apps/250700/df187ca1e77bad7d30603ff0902f62b7fab68693.jpg,http://media.steampowered.com/steamcommunity/public/images/apps/250700/22ba5b060be7b7cc583384d191affbc4060c26c9.jpg,199,Super Time Force Ultra
153,251730,http://media.steampowered.com/steamcommunity/public/images/apps/251730/409a44fb3da66a0732e91418e1f952d3f032de5f.jpg,http://media.steampowered.com/steamcommunity/public/images/apps/251730/5b91b2338838a8b9c81e0f0b3c995bd6b0434622.jpg,1392,Legend of Grimrock 2
154,236450,http://media.steampowered.com/steamcommunity/public/images/apps/236450/e5769d28986cf02b7e8cd21a7f505fca28444779.jpg,http://media.steampowered.com/steamcommunity/public/images/apps/236450/099c05a258bbdb9c6ddf327c14fee4a13d0d86df.jpg,41,PAC-MAN Championship Edition DX+
155,242050,http://media.steampowered.com/steamcommunity/public/images/apps/242050/a03c06290af00eed66814815663b68f5fd063882.jpg,http://media.steampowered.com/steamcommunity/public/images/apps/242050/917bd16fd8a6707d7f2a93fd6473da1f5b22e922.jpg,134,Assassin's Creed IV Black Flag
156,221910,http://media.steampowered.com/steamcommunity/public/images/apps/221910/d4958966dbc02d7a282c52552f71ce6910957b63.jpg,http://media.steampowered.com/steamcommunity/public/images/apps/221910/80de64fedc906c4d81123e7ddc1d61d39183ab2d.jpg,34,The Stanley Parable
157,242700,http://media.steampowered.com/steamcommunity/public/images/apps/242700/4ea9f28360ca77b2ced5c8ac5545fcfc6ea8ef15.jpg,http://media.steampowered.com/steamcommunity/public/images/apps/242700/405bc57977d5e6fb112765e63fffcb110dbcd751.jpg,332,Injustice: Gods Among Us Ultimate Edition
158,233150,http://media.steampowered.com/steamcommunity/public/images/apps/233150/bcf78988270db7bbac1a9622defc770b96e84702.jpg,http://media.steampowered.com/steamcommunity/public/images/apps/233150/f736d12763688ee2af2ef5e0fd382c83c6fc889a.jpg,113,LUFTRAUSERS
159,230230,http://media.steampowered.com/steamcommunity/public/images/apps/230230/ca9cdafd4257253dba68babeed300874190fbbff.jpg,http://media.steampowered.com/steamcommunity/public/images/apps/230230/255a3ee6afe89fb84f34a8bba0faa7818f0ed400.jpg,902,Divinity: Original Sin (Classic)
160,373420,http://media.steampowered.com/steamcommunity/public/images/apps/373420/822ff912b2e464fbebbedf7a75ae1eb24921f16b.jpg,http://media.steampowered.com/steamcommunity/public/images/apps/373420/4e6d09ea2106beeb3ea6a481755a702f71987baf.jpg,0,Divinity: Original Sin Enhanced Edition
161,236430,http://media.steampowered.com/steamcommunity/public/images/apps/236430/8d5b3da903efb047d4efb670c08714a4d1071e83.jpg,http://media.steampowered.com/steamcommunity/public/images/apps/236430/d16871e0aa9196e5e7d865f76fbed278a0309e85.jpg,6480,DARK SOULS™ II
162,237990,http://media.steampowered.com/steamcommunity/public/images/apps/237990/0f31b43dd5dc68b3bba7a380ca24d4f0bc9485f3.jpg,http://media.steampowered.com/steamcommunity/public/images/apps/237990/337592064585a148a69e685df93680d957d4928a.jpg,544,The Banner Saga
163,274170,http://media.steampowered.com/steamcommunity/public/images/apps/274170/3fc78b615529f78cc24cea247c7b2ee50c551bbd.jpg,http://media.steampowered.com/steamcommunity/public/images/apps/274170/5fe421c02a39b9ae847c32c62c3c62d84f1b575d.jpg,484,Hotline Miami 2: Wrong Number
164,274190,http://media.steampowered.com/steamcommunity/public/images/apps/274190/aade0d272c8df1e1ea7e47d4baea36cb80e8b33d.jpg,http://media.steampowered.com/steamcommunity/public/images/apps/274190/c6728f33769caf6ea6b2a4421579d91fe3029eca.jpg,248,Broforce
165,235210,http://media.steampowered.com/steamcommunity/public/images/apps/235210/363d62e4943638e09dfbd991ffffb6d401859749.jpg,http://media.steampowered.com/steamcommunity/public/images/apps/235210/dd5f5ed41ebc12d5c0b20ce8073dfd163bf83c90.jpg,358,Strider
166,281640,http://media.steampowered.com/steamcommunity/public/images/apps/281640/948a626741dcd68c148bb869337db5899b101375.jpg,http://media.steampowered.com/steamcommunity/public/images/apps/281640/182b385790d07aaa4578509ff4859b24cc837043.jpg,661,The Banner Saga 2
167,287700,http://media.steampowered.com/steamcommunity/public/images/apps/287700/7a1737163c96ea641143db45709a4ac444ba8f7b.jpg,http://media.steampowered.com/steamcommunity/public/images/apps/287700/6af3d5aae37f4d5e6add4f49d5edd58f7bdd420b.jpg,2422,METAL GEAR SOLID V: THE PHANTOM PAIN
168,292030,http://media.steampowered.com/steamcommunity/public/images/apps/292030/87118494c65a92e1ac4c9734ce91950c1d6fe9a5.jpg,http://media.steampowered.com/steamcommunity/public/images/apps/292030/2f22c2e5528b78662988dfcb0fc9aad372f01686.jpg,4159,The Witcher 3: Wild Hunt
169,201810,http://media.steampowered.com/steamcommunity/public/images/apps/201810/965b8943ad172d8cf0c74e86068b4aa670aba92c.jpg,http://media.steampowered.com/steamcommunity/public/images/apps/201810/e945e10daf94f6fe80d629a1c3381125df27f4cb.jpg,525,Wolfenstein: The New Order
170,294440,http://media.steampowered.com/steamcommunity/public/images/apps/294440/56380c4cc0778b4876ec758726a87adae93a1de2.jpg,http://media.steampowered.com/steamcommunity/public/images/apps/294440/c2d534f81c7d5481d3f4d54e1770a694595cf827.jpg,21,Shadowgate
171,343800,http://media.steampowered.com/steamcommunity/public/images/apps/343800/9da39d39127d0d0b3e6f6b1d78018aa3a3f1caa0.jpg,http://media.steampowered.com/steamcommunity/public/images/apps/343800/81730d8ffa3a1e9326082805d75fd80190ab6635.jpg,0,Shadowgate: MacVenture Series
172,343820,http://media.steampowered.com/steamcommunity/public/images/apps/343820/6b7e6566fa2e93687dd7df658a5c1c282ebd8acf.jpg,http://media.steampowered.com/steamcommunity/public/images/apps/343820/26f604c51b31c9075d424a1d2c61090d4f6bce2b.jpg,0,Deja Vu: MacVenture Series
173,237930,http://media.steampowered.com/steamcommunity/public/images/apps/237930/b45dc369d45afe945d379e75545959f845094f92.jpg,http://media.steampowered.com/steamcommunity/public/images/apps/237930/705c88fb22dc45a6e886f5afd96ba3c2e258aa06.jpg,0,Transistor
174,244160,http://media.steampowered.com/steamcommunity/public/images/apps/244160/8c74f09dfd9598adab163b2000e9696faff73024.jpg,http://media.steampowered.com/steamcommunity/public/images/apps/244160/781843882c34af271123ae226ba0681cfe52c8d9.jpg,601,Homeworld Remastered Collection
175,303430,http://media.steampowered.com/steamcommunity/public/images/apps/303430/1a28a674d62fde6718680122d95a67b849c28a85.jpg,http://media.steampowered.com/steamcommunity/public/images/apps/303430/8dd319e089e2c824436fd0daaff1dcd114d1d401.jpg,19,Roundabout
176,314160,http://media.steampowered.com/steamcommunity/public/images/apps/314160/dba4fedfc6365bb7cda9293a175df897df353411.jpg,http://media.steampowered.com/steamcommunity/public/images/apps/314160/900f5e38b05ee0b7904d999b407c797dca837bea.jpg,56,Microsoft Flight Simulator X: Steam Edition
177,275670,http://media.steampowered.com/steamcommunity/public/images/apps/275670/3376cbb8e773aa13017de1ceba1c01f35e22b3c2.jpg,http://media.steampowered.com/steamcommunity/public/images/apps/275670/81d34d17a2c562b7eb8f2492a501b9a94e7a559f.jpg,109,Space Run
178,308420,http://media.steampowered.com/steamcommunity/public/images/apps/308420/f71ca22e208f97aed120a2d16889e4b2ee47cd9c.jpg,http://media.steampowered.com/steamcommunity/public/images/apps/308420/b07c41cc37ed95263c03e567bd659aa391d7b82d.jpg,55,Ziggurat
179,257510,http://media.steampowered.com/steamcommunity/public/images/apps/257510/8222673c1eb13e6a8a8367ec0e2940a887ecf270.jpg,http://media.steampowered.com/steamcommunity/public/images/apps/257510/0392d2bd5d1bec31f2fd283bc4555fdc22dd44a9.jpg,466,The Talos Principle
180,345520,http://media.steampowered.com/steamcommunity/public/images/apps/345520/afc10c6aa4476db6d0d7fc3b6ccbeba33f5c0b3a.jpg,http://media.steampowered.com/steamcommunity/public/images/apps/345520/8f207632066fa28595a53382950053b266562420.jpg,36,Infinite Crisis™
181,243970,http://media.steampowered.com/steamcommunity/public/images/apps/243970/21cc7b593c065eac8beb7842669dff4313dc0b3f.jpg,http://media.steampowered.com/steamcommunity/public/images/apps/243970/ab1bcfd36b8ae6bfd4dcd37f29c2c9fcd063d936.jpg,98,"Invisible, Inc."
182,322330,http://media.steampowered.com/steamcommunity/public/images/apps/322330/a80aa6cff8eebc1cbc18c367d9ab063e1553b0ee.jpg,http://media.steampowered.com/steamcommunity/public/images/apps/322330/fab2e3b2ec6d14c6fc3ccd1671e85f85d0bbd91e.jpg,29,Don't Starve Together
183,374570,http://media.steampowered.com/steamcommunity/public/images/apps/374570/1344416065615ebc9468512017768b1fde6514a9.jpg,http://media.steampowered.com/steamcommunity/public/images/apps/374570/215b9addb7ce94f5522f745491cabe203ea43afe.jpg,0,Kung Fury
184,377160,http://media.steampowered.com/steamcommunity/public/images/apps/377160/779c4356ebe32af2af7c9f0bbba595dfe872cd7f.jpg,http://media.steampowered.com/steamcommunity/public/images/apps/377160/8977a8e98acbbdd3c0ff905afb7e0a6e2eb555ea.jpg,2528,Fallout 4
185,391540,http://media.steampowered.com/steamcommunity/public/images/apps/391540/2ce672b89b63ec1e70d2f12862e72eb4a33e9268.jpg,http://media.steampowered.com/steamcommunity/public/images/apps/391540/ae953fb87a0fd4958ca21995226c065f33290eba.jpg,78,Undertale
186,386800,http://media.steampowered.com/steamcommunity/public/images/apps/386800/ea0db9dc61e606b544fa30d21d31354998ca1f95.jpg,http://media.steampowered.com/steamcommunity/public/images/apps/386800/ffdf770693451d668f818d1c4157de0bd6189355.jpg,12,Street Fighter V Beta
187,376300,http://media.steampowered.com/steamcommunity/public/images/apps/376300/2e31736d99d2a84bcfad55264f3af01722c7e7dc.jpg,http://media.steampowered.com/steamcommunity/public/images/apps/376300/98e55536d5152a4b703bd8f4dd2a1f008aa04361.jpg,133,GUILTY GEAR Xrd -SIGN-
188,268500,http://media.steampowered.com/steamcommunity/public/images/apps/268500/f275aeb0b1b947262810569356a199848c643754.jpg,http://media.steampowered.com/steamcommunity/public/images/apps/268500/10a6157d6614f63cd8a95d002d022778c207c218.jpg,534,XCOM 2
189,210970,http://media.steampowered.com/steamcommunity/public/images/apps/210970/5406b4e33862420abfb60a23e581cad2a1ec85f7.jpg,http://media.steampowered.com/steamcommunity/public/images/apps/210970/a8e63d69792ae17e838437478e3505f7801eff52.jpg,319,The Witness
190,374320,http://media.steampowered.com/steamcommunity/public/images/apps/374320/7abe1a33129c20cf10d2c74128bbd657a2a2c806.jpg,http://media.steampowered.com/steamcommunity/public/images/apps/374320/54f76fd3abdd1446260f28ccc0cbc76034b32de9.jpg,4310,DARK SOULS III
191,444250,http://media.steampowered.com/steamcommunity/public/images/apps/444250/c3a814050bd10a90d7f55d26df3e07228d125662.jpg,http://media.steampowered.com/steamcommunity/public/images/apps/444250/c2f313f648a587d2f1db33c55ece7b62834f41f0.jpg,16,Crown and Council
192,379720,http://media.steampowered.com/steamcommunity/public/images/apps/379720/b6e72ff47d1990cb644700751eeeff14e0aba6dc.jpg,http://media.steampowered.com/steamcommunity/public/images/apps/379720/2e6aa9a14a0da798fe9f1c0a4d0bacecf241c0a2.jpg,638,DOOM
193,289070,http://media.steampowered.com/steamcommunity/public/images/apps/289070/9dc914132fec244adcede62fb8e7524a72a7398c.jpg,http://media.steampowered.com/steamcommunity/public/images/apps/289070/356443a094f8e20ce21293039d7226eac3d3b4d9.jpg,894,Sid Meier's Civilization VI
194,440,http://media.steampowered.com/steamcommunity/public/images/apps/440/e3f595a92552da3d664ad00277fad2107345f743.jpg,http://media.steampowered.com/steamcommunity/public/images/apps/440/07385eb55b5ba974aebbe74d3c99626bda7920b8.jpg,1062,Team Fortress 2
195,570,http://media.steampowered.com/steamcommunity/public/images/apps/570/0bbb630d63262dd66d2fdd0f7d37e8661a410075.jpg,http://media.steampowered.com/steamcommunity/public/images/apps/570/d4f836839254be08d8e9dd333ecc9a01782c26d2.jpg,34,Dota 2
196,24200,http://media.steampowered.com/steamcommunity/public/images/apps/24200/1563d80759bfa4f9698a1799b3872e7f3a5209b1.jpg,http://media.steampowered.com/steamcommunity/public/images/apps/24200/5304686024a25aed8d777e3d1e93aeef35d82c02.jpg,496,DC Universe Online
197,24920,http://media.steampowered.com/steamcommunity/public/images/apps/24920/3fd955d672150a0c26068795d522dfb72b609773.jpg,http://media.steampowered.com/steamcommunity/public/images/apps/24920/c313ab7941ba8375dd17a0531b724ef94ca54dea.jpg,14,Dragon Age: Origins Character Creator
